Arbitrum Mainnet,https://gateway.pinata.cloud/ipfs/QmaiJCdbAgC6vPXpMKQNNY5gbUVr7AKALuvdTELUpJSDWi
Avalanche Mainnet,https://gateway.pinata.cloud/ipfs/QmYNF68nj7HYyBLWQ3WHPw45KYDVQcm8LtbZyFMienw3Pm
Base Mainnet,https://gateway.pinata.cloud/ipfs/QmaiJCdbAgC6vPXpMKQNNY5gbUVr7AKALuvdTELUpJSDWi
BNB,https://gateway.pinata.cloud/ipfs/QmZHeRhBYvFbQsANeHXAZbNwb5fRificXWy5syjsh3Rrs2
Celo,https://gateway.pinata.cloud/ipfs/QmYm5ty4uU79qLJouexWYhF4Hw9YpkWMKijiF8ktdPUTyk
Ethereum Mainnet,https://gateway.pinata.cloud/ipfs/QmaMTBq3xaZqxW63ynsoA9mCbYWKuRx9S7SXnE4uwVMB2v
Gnosis Mainnet,https://gateway.pinata.cloud/ipfs/QmXzzKq93y1jiKGr8aZDQtcE5hYZhyUiy7XHvX58rUycWu
Linea Mainnet,https://gateway.pinata.cloud/ipfs/Qme8QFEdFxGsVP9HRsZtqtHU62eTnpJAsAhKUhcrYvdvBh
Monad Mainnet,https://gateway.pinata.cloud/ipfs/QmfWgbrYWW8cHQsUxu8MejqpM7tWcr8bRgfVQPrRfg6BxE
Optimism Mainnet,https://gateway.pinata.cloud/ipfs/QmYKfXZfrD4zB7yHLJWXv5rV1rhwWDm19kLDPPt8Dk1wbb
Scroll Mainnet,https://gateway.pinata.cloud/ipfs/QmTfMbTF71B9d6ezzXffojFHEcySeeomN2CBtgssb8piG5
Sonic Mainnet,https://gateway.pinata.cloud/ipfs/Qme66RiVtVUrDpRMrwiD65mG7TYwXKqxEA9X8etcLjD6ez